normVocab,Keywords
latitude,(?=.*^lat_dd)
longitude,(?=.*^lon_dd)
microcystin,(?=.*(microcystin))(?=.*total)(?=.*lr)|MCYST|MICX
location,location_inherited
turbidity,TURB
secchi,(?=.*SECMEAN_)|(?=.*secchi$)
anc,(?=.*^ANC)
ph,(?=.*^PH$)|(?=.*^PH_)
conductivity,cond
SedToVolRatio,SedToVolRatio
elevation,(?=.*^elev)
depth_max,DEPTHMAX
perim,PERIM
area,LAKEAREA
origin,(?=.*LAKE_ORIGIN$)
meanY_precip,(?=.*MAP$)
meanY_temp,(?=.*MAT$)
doc,(?=.*^doc)
chla,(?=.*^chla)
pct_wet_bsn,PCT_WETLAND_BSN
pct_ag_bsn,PCT_AGRIC_BSN
pct_crops_bsn,PCT_CROPS_BSN
pct_pasture_bsn,PCT_PASTURE_BSN
pct_grass_bsn,PCT_GRASS_BSN
pct_shrub_bsn,PCT_SHRUBLAND_BSN
pct_forest_bsn,PCT_FOREST_BSN
pct_develop_bsn,PCT_DEVELOPED_BSN
pct_develop_high_bsn,PCT_DEVHIGH_BSN
pct_develop_med_bsn,PCT_DEVMED_BSN
pct_develop_low_bsn,PCT_DEVLOW_BSN
bassin_area,BASINAREA_KM2
pct_water_bsn,PCT_WATER_BSN
